fips,total,trump,cruz,rubio
1001,11839,0.445,0.205,0.14800000000000002
1003,49100,0.469,0.17,0.193
1005,3357,0.501,0.179,0.146
1007,3891,0.494,0.255,0.11199999999999999
1009,14791,0.48700000000000004,0.244,0.122
1011,541,0.565,0.17,0.11599999999999999
1013,3144,0.5379999999999999,0.16699999999999998,0.133
1015,19377,0.451,0.19399999999999998,0.163
1017,4441,0.47600000000000003,0.2,0.131
1019,5193,0.521,0.17300000000000001,0.152
1021,10404,0.493,0.218,0.134
1023,2073,0.499,0.21,0.147
1025,4534,0.502,0.193,0.175
1027,3878,0.47600000000000003,0.207,0.125
1029,4189,0.483,0.21100000000000002,0.136
1031,10078,0.414,0.233,0.155
1033,8036,0.474,0.19699999999999998,0.177
1035,1271,0.59,0.16,0.10800000000000001
1037,2176,0.5529999999999999,0.195,0.10800000000000001
1039,9257,0.48100000000000004,0.185,0.133
1041,2704,0.545,0.21899999999999997,0.091
1043,20557,0.506,0.203,0.135
1045,8836,0.45299999999999996,0.21899999999999997,0.13
1047,849,0.597,0.207,0.087
1051,17412,0.478,0.182,0.134
1053,5602,0.493,0.171,0.18
1055,18417,0.461,0.207,0.168
1057,4797,0.499,0.21,0.133
1059,4104,0.515,0.213,0.134
1061,6190,0.486,0.237,0.13
1063,268,0.5379999999999999,0.21600000000000003,0.121
1065,1117,0.521,0.25,0.11699999999999999
1067,3713,0.46799999999999997,0.223,0.14300000000000002
1069,19558,0.40399999999999997,0.225,0.182
1071,10596,0.499,0.16399999999999998,0.16899999999999998
1073,92419,0.35,0.23800000000000002,0.247
1075,3415,0.504,0.193,0.13
1077,17221,0.42100000000000004,0.183,0.187
1079,6662,0.528,0.17600000000000002,0.135
1081,20509,0.33,0.23199999999999998,0.225
1083,18689,0.43,0.214,0.18899999999999997
1085,834,0.595,0.163,0.099
1087,728,0.48,0.198,0.124
1089,64741,0.36200000000000004,0.207,0.26
1091,1046,0.539,0.212,0.11800000000000001
1093,6448,0.529,0.192,0.139
1095,18092,0.495,0.151,0.20600000000000002
1097,61351,0.452,0.215,0.18899999999999997
1099,3701,0.521,0.174,0.158
1101,26119,0.39399999999999996,0.17600000000000002,0.209
1103,24124,0.446,0.19699999999999998,0.183
1105,365,0.515,0.33,0.08800000000000001
1107,2487,0.441,0.258,0.138
1109,5253,0.46,0.201,0.147
1111,4437,0.516,0.207,0.128
1113,3667,0.474,0.27,0.12300000000000001
1117,52162,0.344,0.263,0.23
1119,275,0.591,0.16,0.139
1121,12097,0.51,0.2,0.136
1123,8649,0.528,0.15,0.146
1125,30465,0.375,0.25,0.204
1127,14883,0.551,0.204,0.10800000000000001
1129,2326,0.537,0.218,0.153
1131,521,0.544,0.21600000000000003,0.121
1133,5838,0.561,0.18,0.11900000000000001
4001,2159,0.436,0.376,undefined
4003,10951,0.498,0.293,undefined
4005,6909,0.392,0.335,undefined
4007,4752,0.539,0.235,undefined
4009,3309,0.391,0.419,undefined
4011,543,0.44799999999999995,0.377,undefined
4012,1243,0.674,0.17300000000000001,undefined
4013,250541,0.462,0.231,undefined
4015,19921,0.648,0.217,undefined
4017,7480,0.414,0.405,undefined
4019,69795,0.436,0.27399999999999997,undefined
4021,17828,0.575,0.192,undefined
4023,1393,0.452,0.268,undefined
4025,30811,0.47600000000000003,0.295,undefined
4027,7468,0.495,0.28800000000000003,undefined
5001,2684,0.385,0.213,0.28300000000000003
5003,1419,0.40399999999999997,0.278,0.19399999999999998
5005,8480,0.43799999999999994,0.28600000000000003,0.159
5007,41397,0.27899999999999997,0.281,0.303
5009,6124,0.40700000000000003,0.251,0.192
5011,1663,0.44299999999999995,0.226,0.20800000000000002
5013,405,0.41600000000000004,0.344,0.184
5015,0,0,0,0
5017,785,0.511,0.187,0.19899999999999998
5019,2597,0.264,0.345,0.285
5021,814,0.40700000000000003,0.331,0.163
5023,6698,0.368,0.324,0.203
5025,1460,0.336,0.368,0.209
5027,3037,0.365,0.3,0.201
5029,2176,0.36200000000000004,0.33299999999999996,0.22399999999999998
5031,12007,0.27899999999999997,0.33399999999999996,0.255
5033,10409,0.32,0.371,0.212
5035,2950,0.444,0.259,0.17800000000000002
5037,2359,0.401,0.33399999999999996,0.163
5039,428,0.37200000000000005,0.33799999999999997,0.205
5041,427,0.531,0.17,0.22
5043,2113,0.366,0.247,0.256
5045,18277,0.272,0.33299999999999996,0.29
5047,3200,0.369,0.32899999999999996,0.18100000000000002
5049,1360,0.47,0.278,0.131
5051,15310,0.35200000000000004,0.259,0.257
5053,3175,0.312,0.41100000000000003,0.201
5055,5712,0.35100000000000003,0.285,0.22
5057,2343,0.33899999999999997,0.37799999999999995,0.163
5059,4185,0.373,0.322,0.20800000000000002
5061,1580,0.345,0.33899999999999997,0.19899999999999998
5063,5794,0.349,0.276,0.23
5065,2044,0.42,0.302,0.168
5067,1612,0.43,0.264,0.212
5069,3708,0.39399999999999996,0.34,0.188
5071,3291,0.397,0.298,0.183
5073,777,0.42,0.374,0.10099999999999999
5075,1211,0.358,0.34299999999999997,0.185
5077,640,0.527,0.21600000000000003,0.18100000000000002
5079,1322,0.436,0.312,0.182
5081,1298,0.38799999999999996,0.363,0.139
5083,3241,0.365,0.326,0.20800000000000002
5085,11449,0.325,0.342,0.22
5087,1716,0.384,0.36200000000000004,0.16899999999999998
5089,3498,0.431,0.24600000000000002,0.149
5091,6707,0.34700000000000003,0.392,0.126
5093,3419,0.426,0.21899999999999997,0.182
5095,411,0.413,0.32899999999999996,0.193
5097,1559,0.41600000000000004,0.268,0.17800000000000002
5099,662,0.33799999999999997,0.359,0.187
5101,2684,0.385,0.213,0.28300000000000003
5103,2674,0.36700000000000005,0.28800000000000003,0.242
5105,1403,0.363,0.37799999999999995,0.165
5107,625,0.5660000000000001,0.172,0.17600000000000002
5109,1477,0.33899999999999997,0.33299999999999996,0.217
5111,2634,0.385,0.335,0.17600000000000002
5113,4444,0.40299999999999997,0.222,0.221
5115,9315,0.321,0.314,0.244
5117,1077,0.297,0.425,0.21
5119,45524,0.256,0.278,0.35200000000000004
5121,1943,0.37,0.33,0.191
5125,22329,0.306,0.331,0.27
5127,1625,0.42700000000000005,0.289,0.16899999999999998
5129,2336,0.39,0.354,0.138
5131,18181,0.32299999999999995,0.305,0.24
5133,1518,0.382,0.319,0.163
5135,2867,0.419,0.244,0.195
5137,2459,0.392,0.308,0.17
5139,3262,0.35200000000000004,0.337,0.196
5141,3101,0.375,0.3,0.21100000000000002
5143,28420,0.275,0.307,0.301
5145,12617,0.316,0.341,0.223
5147,286,0.442,0.289,0.156
5149,2374,0.376,0.324,0.205
12001,23335,0.382,0.215,0.28800000000000003
12003,3973,0.531,0.23800000000000002,0.18899999999999997
12005,28823,0.48700000000000004,0.242,0.19699999999999998
12007,3560,0.495,0.265,0.192
12009,95397,0.46299999999999997,0.19699999999999998,0.248
12011,104576,0.493,0.129,0.284
12013,1113,0.45299999999999996,0.308,0.17800000000000002
12015,29159,0.5479999999999999,0.14,0.203
12017,26794,0.55,0.17600000000000002,0.18
12019,37320,0.506,0.205,0.221
12021,63281,0.461,0.162,0.239
12023,8157,0.48,0.29100000000000004,0.171
12029,1689,0.634,0.201,0.11800000000000001
12031,108027,0.47100000000000003,0.179,0.267
12033,48021,0.41700000000000004,0.22699999999999998,0.254
12035,16459,0.5760000000000001,0.142,0.2
12037,1197,0.516,0.20199999999999999,0.204
12039,2309,0.418,0.312,0.19399999999999998
12041,3100,0.588,0.24600000000000002,0.121
12043,1058,0.5920000000000001,0.212,0.152
12045,2036,0.496,0.247,0.187
12047,988,0.568,0.247,0.12300000000000001
12049,2121,0.513,0.239,0.2
12051,2556,0.488,0.209,0.244
12053,26393,0.562,0.172,0.172
12055,14462,0.5,0.204,0.21
12057,125261,0.408,0.2,0.285
12059,2569,0.469,0.307,0.172
12061,27381,0.483,0.14800000000000002,0.23199999999999998
12063,4894,0.49200000000000005,0.268,0.18
12065,1528,0.435,0.345,0.159
12067,1045,0.52,0.278,0.16399999999999998
12069,52103,0.49,0.19699999999999998,0.226
12071,103372,0.47600000000000003,0.17600000000000002,0.22
12073,29304,0.297,0.282,0.28800000000000003
12075,6270,0.5760000000000001,0.196,0.153
12077,349,0.444,0.317,0.18899999999999997
12079,1587,0.49,0.29100000000000004,0.16399999999999998
12081,53773,0.47200000000000003,0.16899999999999998,0.24100000000000002
12083,55700,0.5479999999999999,0.17300000000000001,0.195
12085,30310,0.511,0.124,0.215
12086,173418,0.225,0.091,0.627
12087,10802,0.539,0.095,0.245
12089,17562,0.512,0.18899999999999997,0.218
12093,3656,0.585,0.153,0.19399999999999998
12095,99719,0.39799999999999996,0.188,0.308
12097,21193,0.469,0.19,0.26
12099,124149,0.521,0.121,0.243
12101,63611,0.51,0.18899999999999997,0.21
12103,124056,0.46399999999999997,0.16699999999999998,0.228
12105,71360,0.449,0.21,0.254
12107,8634,0.573,0.187,0.174
12113,33396,0.46399999999999997,0.217,0.22899999999999998
12115,70660,0.473,0.138,0.244
12117,59891,0.41600000000000004,0.193,0.28800000000000003
12119,32277,0.54,0.134,0.23399999999999999
12121,5545,0.49700000000000005,0.287,0.15
12123,2173,0.535,0.245,0.159
12125,1350,0.523,0.26899999999999996,0.16899999999999998
12127,61542,0.5329999999999999,0.155,0.21100000000000002
12129,3759,0.431,0.341,0.152
12131,12478,0.518,0.19899999999999998,0.187
12133,3717,0.452,0.325,0.16
13001,3053,0.415,0.294,0.14800000000000002
13003,934,0.659,0.195,0.078
13005,1658,0.5379999999999999,0.203,0.146
13007,424,0.602,0.2,0.09699999999999999
13009,4444,0.45799999999999996,0.195,0.213
13011,3634,0.489,0.284,0.12
13013,11259,0.408,0.304,0.18
13015,17723,0.462,0.251,0.182
13017,1799,0.5589999999999999,0.17300000000000001,0.107
13019,2767,0.552,0.254,0.085
13021,15137,0.38799999999999996,0.222,0.22899999999999998
13023,2111,0.436,0.248,0.192
13025,2323,0.488,0.254,0.134
13027,1915,0.52,0.244,0.13699999999999998
13029,5592,0.391,0.261,0.22899999999999998
13031,8120,0.377,0.26,0.214
13033,2577,0.451,0.307,0.14300000000000002
13035,3826,0.488,0.259,0.155
13037,444,0.508,0.233,0.154
13039,6221,0.485,0.187,0.19399999999999998
13043,1765,0.49,0.175,0.17600000000000002
13045,17778,0.41700000000000004,0.278,0.188
13047,10964,0.402,0.228,0.21899999999999997
13049,1236,0.473,0.251,0.16399999999999998
13051,30123,0.35,0.23,0.256
13053,316,0.545,0.27699999999999997,0.09300000000000001
13055,3198,0.517,0.196,0.161
13057,49805,0.36700000000000005,0.256,0.268
13059,8655,0.267,0.20600000000000002,0.35200000000000004
13061,338,0.517,0.185,0.165
13063,7625,0.42,0.239,0.21100000000000002
13065,784,0.509,0.20199999999999999,0.13699999999999998
13067,110737,0.31,0.212,0.34600000000000003
13069,4455,0.547,0.19399999999999998,0.128
13071,5846,0.496,0.23399999999999999,0.129
13073,26228,0.34600000000000003,0.304,0.217
13075,2212,0.547,0.231,0.107
13077,24999,0.379,0.255,0.23
13079,1773,0.519,0.221,0.138
13081,2366,0.502,0.222,0.166
13083,2760,0.41200000000000003,0.19899999999999998,0.237
13085,5785,0.45399999999999996,0.251,0.188
13087,3092,0.485,0.223,0.17300000000000001
13091,2660,0.504,0.187,0.18
13093,1038,0.555,0.19,0.149
13095,6455,0.46799999999999997,0.213,0.175
13097,16073,0.428,0.251,0.209
13099,1326,0.561,0.166,0.165
13101,451,0.583,0.239,0.08
13103,9144,0.39299999999999996,0.33299999999999996,0.161
13105,2990,0.45899999999999996,0.23600000000000002,0.184
13107,2928,0.502,0.233,0.156
13109,1240,0.38,0.259,0.244
13111,5571,0.532,0.203,0.153
13113,24365,0.327,0.23600000000000002,0.294
13115,13905,0.42200000000000004,0.203,0.223
13117,41757,0.37200000000000005,0.23600000000000002,0.285
13119,4282,0.46,0.252,0.17
13121,82997,0.266,0.146,0.41600000000000004
13123,6340,0.516,0.207,0.179
13125,674,0.586,0.187,0.127
13127,12398,0.43799999999999994,0.203,0.20199999999999999
13129,8455,0.506,0.187,0.166
13131,3148,0.445,0.252,0.17300000000000001
13133,3719,0.41200000000000003,0.16899999999999998,0.26
13135,97465,0.325,0.257,0.301
13137,7767,0.418,0.266,0.18899999999999997
13139,32212,0.385,0.278,0.20800000000000002
13141,401,0.5539999999999999,0.14800000000000002,0.153
13143,5620,0.495,0.255,0.138
13145,6809,0.369,0.282,0.187
13147,4161,0.442,0.22899999999999998,0.192
13149,1912,0.552,0.214,0.11199999999999999
13151,27812,0.402,0.29,0.204
13153,18888,0.37,0.268,0.21600000000000003
13155,1504,0.574,0.195,0.102
13157,12666,0.429,0.278,0.188
13159,2459,0.484,0.282,0.149
13161,2242,0.469,0.237,0.16
13163,1694,0.478,0.282,0.151
13165,973,0.518,0.22699999999999998,0.163
13167,1264,0.536,0.21100000000000002,0.138
13169,4648,0.49,0.21600000000000003,0.156
13171,3021,0.455,0.23600000000000002,0.146
13173,893,0.569,0.218,0.12300000000000001
13175,6866,0.444,0.22399999999999998,0.184
13177,5885,0.513,0.239,0.139
13179,2859,0.45799999999999996,0.222,0.19399999999999998
13181,1659,0.442,0.307,0.157
13183,1123,0.5529999999999999,0.217,0.124
13185,11620,0.442,0.266,0.168
13187,5832,0.41600000000000004,0.27899999999999997,0.174
13193,808,0.504,0.19699999999999998,0.16399999999999998
13195,5433,0.445,0.28600000000000003,0.154
13197,866,0.536,0.259,0.10800000000000001
13189,3127,0.40700000000000003,0.33,0.159
13191,1950,0.54,0.187,0.15
13199,2963,0.48100000000000004,0.23800000000000002,0.165
13201,903,0.603,0.165,0.151
13205,2234,0.547,0.19399999999999998,0.131
13207,5480,0.409,0.263,0.183
13209,1437,0.489,0.235,0.13699999999999998
13211,4099,0.39899999999999997,0.27699999999999997,0.21
13213,5315,0.5720000000000001,0.191,0.125
13215,15212,0.344,0.27,0.221
13217,12637,0.44,0.273,0.19
13219,9046,0.314,0.257,0.282
13221,2745,0.439,0.273,0.157
13223,23854,0.414,0.281,0.209
13225,3018,0.434,0.26,0.16899999999999998
13227,6909,0.48100000000000004,0.225,0.19
13229,3276,0.40399999999999997,0.312,0.179
13231,4355,0.43799999999999994,0.271,0.154
13233,5962,0.556,0.18,0.156
13235,1309,0.504,0.177,0.196
13237,3985,0.49200000000000005,0.185,0.21
13239,296,0.5720000000000001,0.135,0.14800000000000002
13241,3706,0.45899999999999996,0.19,0.204
13243,680,0.5870000000000001,0.177,0.113
13245,14891,0.368,0.285,0.217
13247,9113,0.41,0.253,0.23199999999999998
13249,761,0.428,0.28800000000000003,0.142
13251,1723,0.45799999999999996,0.217,0.187
13253,1379,0.5379999999999999,0.188,0.17600000000000002
13255,9825,0.42700000000000005,0.245,0.19399999999999998
13257,4057,0.415,0.212,0.221
13259,371,0.5589999999999999,0.223,0.09699999999999999
13261,2969,0.45899999999999996,0.22899999999999998,0.182
13263,681,0.535,0.235,0.106
13265,192,0.518,0.244,0.122
13267,2521,0.426,0.284,0.179
13269,1047,0.517,0.192,0.133
13271,1193,0.515,0.174,0.141
13273,1137,0.5589999999999999,0.214,0.11900000000000001
13275,6497,0.4,0.235,0.19699999999999998
13277,5562,0.478,0.228,0.163
13279,3566,0.41700000000000004,0.237,0.2
13281,2916,0.46,0.2,0.20600000000000002
13283,794,0.542,0.228,0.12
13285,9381,0.434,0.23399999999999999,0.187
13287,1131,0.569,0.21600000000000003,0.10400000000000001
13289,1069,0.551,0.247,0.115
13291,5824,0.456,0.239,0.17600000000000002
13293,3871,0.48700000000000004,0.204,0.159
13295,9852,0.42200000000000004,0.21100000000000002,0.21600000000000003
13297,18818,0.41600000000000004,0.309,0.18100000000000002
13299,4513,0.434,0.306,0.145
13301,623,0.47100000000000003,0.28800000000000003,0.152
13303,2256,0.442,0.21100000000000002,0.218
13305,4357,0.457,0.261,0.15
13307,360,0.518,0.23,0.125
13309,555,0.501,0.205,0.142
13311,5928,0.45299999999999996,0.252,0.175
13313,12598,0.466,0.18,0.21
13315,1075,0.552,0.268,0.095
13317,1488,0.486,0.22,0.185
13319,1259,0.47600000000000003,0.259,0.129
13321,3359,0.552,0.243,0.095
16001,48727,0.304,0.40299999999999997,0.161
16003,807,0.431,0.355,0.11800000000000001
16005,8626,0.192,0.495,0.22699999999999998
16007,1428,0.24100000000000002,0.42700000000000005,0.21899999999999997
16009,1266,0.32799999999999996,0.514,0.067
16011,6727,0.171,0.49700000000000005,0.252
16013,1509,0.34700000000000003,0.237,0.152
16015,1545,0.429,0.336,0.106
16017,6638,0.35200000000000004,0.457,0.07400000000000001
16019,16467,0.16,0.461,0.29
16021,1927,0.396,0.45299999999999996,0.066
16023,560,0.24,0.479,0.204
16025,290,0.418,0.24100000000000002,0.151
16027,22868,0.312,0.474,0.127
16029,1292,0.225,0.445,0.221
16031,4184,0.23,0.47,0.184
16033,169,0.25,0.35200000000000004,0.318
16035,1344,0.449,0.341,0.106
16037,980,0.418,0.27699999999999997,0.16899999999999998
16039,2731,0.444,0.317,0.134
16041,2236,0.174,0.501,0.215
16043,2682,0.18,0.518,0.215
16045,3133,0.382,0.43200000000000005,0.11
16047,1885,0.349,0.444,0.10800000000000001
16051,5445,0.153,0.552,0.237
16053,2334,0.314,0.485,0.096
16055,21848,0.29100000000000004,0.532,0.084
16057,3839,0.23,0.535,0.115
16059,1884,0.38299999999999995,0.302,0.17
16061,672,0.38799999999999996,0.35600000000000004,0.102
16063,640,0.363,0.41600000000000004,0.11
16065,6895,0.076,0.574,0.271
16067,2431,0.302,0.465,0.15
16069,3786,0.359,0.401,0.11699999999999999
16071,761,0.17800000000000002,0.599,0.139
16073,1634,0.423,0.43,0.08900000000000001
16075,3266,0.38299999999999995,0.406,0.11800000000000001
16077,845,0.21,0.479,0.20800000000000002
16079,1455,0.415,0.38799999999999996,0.096
16081,1000,0.231,0.452,0.19
16083,9337,0.28600000000000003,0.49,0.125
16085,1436,0.38799999999999996,0.321,0.127
16087,1955,0.37,0.37799999999999995,0.126
17001,12498,0.40700000000000003,0.38,0.07400000000000001
17003,525,0.524,0.392,0.027999999999999997
17005,2603,0.41200000000000003,0.386,0.07400000000000001
17007,9382,0.39399999999999996,0.335,0.07400000000000001
17009,959,0.508,0.306,0.048
17011,5306,0.395,0.307,0.083
17013,666,0.485,0.364,0.059000000000000004
17015,3292,0.364,0.293,0.085
17017,1534,0.42700000000000005,0.35100000000000003,0.07
17019,25268,0.293,0.369,0.11
17021,5256,0.442,0.363,0.054000000000000006
17023,3399,0.414,0.33799999999999997,0.07400000000000001
17025,2600,0.48100000000000004,0.366,0.047
17027,5632,0.436,0.371,0.065
17029,8146,0.37200000000000005,0.35700000000000004,0.086
17033,3476,0.41700000000000004,0.342,0.07200000000000001
17035,2548,0.40299999999999997,0.40299999999999997,0.059000000000000004
17041,3941,0.33899999999999997,0.43,0.071
17045,3520,0.42200000000000004,0.321,0.076
17047,1823,0.44799999999999995,0.326,0.071
17049,7743,0.364,0.434,0.059000000000000004
17051,3897,0.483,0.366,0.054000000000000006
17053,3253,0.36700000000000005,0.37799999999999995,0.083
17055,5749,0.5329999999999999,0.32899999999999996,0.052000000000000005
17057,4448,0.40700000000000003,0.369,0.054000000000000006
17059,553,0.5479999999999999,0.32,0.048
17061,2098,0.46799999999999997,0.373,0.06
17063,7492,0.469,0.273,0.08
17065,1603,0.46399999999999997,0.366,0.059000000000000004
17067,3376,0.43,0.353,0.052000000000000005
17069,913,0.528,0.33899999999999997,0.047
17071,1176,0.424,0.331,0.063
17073,8298,0.353,0.325,0.08800000000000001
17075,6388,0.426,0.33299999999999996,0.075
17077,5643,0.381,0.354,0.099
17079,2110,0.376,0.424,0.048
17081,6941,0.45899999999999996,0.36,0.061
17083,3892,0.47600000000000003,0.36200000000000004,0.055
17087,3028,0.439,0.38799999999999996,0.054000000000000006
17089,58789,0.36,0.28,0.099
17091,14510,0.42700000000000005,0.31,0.078
17093,16424,0.39899999999999997,0.295,0.09300000000000001
17095,6471,0.364,0.344,0.079
17097,83409,0.361,0.243,0.105
17101,2525,0.499,0.28300000000000003,0.054000000000000006
17103,5939,0.348,0.341,0.067
17105,7931,0.341,0.38799999999999996,0.079
17107,5877,0.36,0.389,0.07200000000000001
17115,16167,0.40299999999999997,0.39799999999999996,0.057999999999999996
17117,7168,0.478,0.34,0.055
17119,35272,0.43200000000000005,0.36700000000000005,0.071
17121,5831,0.457,0.361,0.062
17123,2707,0.37,0.39299999999999996,0.062
17125,2107,0.413,0.36200000000000004,0.071
17127,2943,0.444,0.39899999999999997,0.057
17109,4198,0.366,0.332,0.079
17111,39324,0.409,0.259,0.094
17113,30625,0.275,0.41600000000000004,0.09699999999999999
17129,2729,0.35100000000000003,0.37799999999999995,0.065
17131,2601,0.34299999999999997,0.39899999999999997,0.073
17133,7417,0.429,0.34600000000000003,0.084
17135,5025,0.43700000000000006,0.35100000000000003,0.073
17137,5977,0.38,0.325,0.084
17139,2626,0.33299999999999996,0.489,0.052000000000000005
17141,10803,0.361,0.386,0.065
17143,24830,0.299,0.406,0.076
17145,3075,0.46,0.359,0.063
17147,4476,0.322,0.39899999999999997,0.091
17149,3210,0.48200000000000004,0.342,0.054000000000000006
17151,994,0.5,0.36,0.040999999999999995
17153,805,0.528,0.373,0.03
17155,823,0.48700000000000004,0.28600000000000003,0.049
17157,4014,0.467,0.377,0.057999999999999996
17159,2911,0.484,0.285,0.055
17161,13956,0.361,0.35600000000000004,0.09300000000000001
17165,4119,0.49700000000000005,0.342,0.053
17167,34063,0.33899999999999997,0.348,0.073
17169,1508,0.444,0.31,0.07200000000000001
17171,1087,0.452,0.335,0.07
17173,4718,0.39899999999999997,0.426,0.051
17175,1132,0.34,0.384,0.063
17177,8136,0.336,0.358,0.081
17179,26457,0.312,0.446,0.067
17181,2996,0.435,0.39399999999999996,0.054000000000000006
17183,10836,0.446,0.331,0.07
17185,2228,0.424,0.335,0.084
17187,2926,0.33299999999999996,0.32299999999999995,0.076
17189,3165,0.42100000000000004,0.375,0.066
17191,3980,0.49700000000000005,0.31,0.046
17193,2681,0.51,0.28600000000000003,0.062
17195,6697,0.35600000000000004,0.348,0.067
17197,81484,0.46399999999999997,0.257,0.08199999999999999
17199,10655,0.45399999999999996,0.369,0.062
17201,37246,0.35200000000000004,0.405,0.065
17203,10310,0.265,0.48200000000000004,0.07400000000000001
19001,405,0.256,0.256,0.19699999999999998
19003,272,0.249,0.297,0.172
19005,686,0.281,0.266,0.191
19007,839,0.348,0.32,0.107
19009,374,0.265,0.361,0.15
19011,1634,0.251,0.365,0.15
19013,5908,0.23,0.268,0.262
19015,1757,0.23399999999999999,0.322,0.182
19017,1490,0.233,0.27399999999999997,0.261
19019,837,0.259,0.368,0.131
19021,1009,0.249,0.306,0.21899999999999997
19023,910,0.242,0.365,0.159
19025,557,0.244,0.285,0.217
19027,1025,0.29,0.25,0.22399999999999998
19029,924,0.284,0.244,0.19
19031,1064,0.263,0.29,0.22399999999999998
19033,2321,0.257,0.282,0.192
19035,838,0.29600000000000004,0.187,0.29
19037,600,0.276,0.268,0.23800000000000002
19039,557,0.363,0.278,0.158
19041,1024,0.285,0.284,0.145
19043,846,0.294,0.35200000000000004,0.129
19045,2306,0.307,0.26899999999999996,0.19899999999999998
19047,699,0.306,0.32299999999999995,0.163
19049,7281,0.207,0.23199999999999998,0.33899999999999997
19051,531,0.386,0.316,0.07
19053,497,0.256,0.348,0.147
19055,894,0.221,0.355,0.192
19057,2162,0.304,0.28300000000000003,0.20800000000000002
19059,1201,0.285,0.21600000000000003,0.23800000000000002
19061,3975,0.273,0.207,0.267
19063,403,0.303,0.355,0.114
19065,1000,0.24,0.341,0.18
19067,760,0.263,0.401,0.138
19069,628,0.253,0.358,0.16699999999999998
19071,425,0.42700000000000005,0.204,0.18100000000000002
19073,546,0.3,0.297,0.141
19075,946,0.209,0.28800000000000003,0.276
19077,754,0.276,0.289,0.156
19079,955,0.281,0.289,0.166
19081,849,0.188,0.45299999999999996,0.155
19083,1269,0.23199999999999998,0.32799999999999996,0.177
19085,1019,0.309,0.27699999999999997,0.11
19087,1212,0.225,0.313,0.188
19089,367,0.305,0.289,0.243
19091,605,0.337,0.278,0.183
19093,525,0.258,0.256,0.256
19095,1033,0.24100000000000002,0.342,0.158
19097,928,0.32899999999999996,0.285,0.182
19099,2323,0.251,0.349,0.179
19101,848,0.262,0.317,0.122
19103,7223,0.193,0.196,0.305
19105,1034,0.25,0.35100000000000003,0.162
19107,700,0.313,0.308,0.165
19109,947,0.237,0.301,0.201
19111,1315,0.31,0.253,0.18899999999999997
19113,11619,0.20199999999999999,0.294,0.243
19115,724,0.36,0.355,0.105
19117,588,0.27,0.36200000000000004,0.134
19119,1107,0.156,0.39,0.207
19121,1346,0.27699999999999997,0.335,0.185
19123,1959,0.215,0.341,0.188
19125,2872,0.188,0.35200000000000004,0.21100000000000002
19127,2324,0.261,0.271,0.21600000000000003
19129,1121,0.268,0.218,0.23600000000000002
19131,471,0.255,0.242,0.11900000000000001
19133,512,0.305,0.361,0.184
19135,541,0.314,0.36,0.179
19137,571,0.207,0.233,0.217
19139,2414,0.298,0.239,0.263
19143,327,0.239,0.34600000000000003,0.171
19145,872,0.266,0.285,0.179
19147,432,0.271,0.255,0.218
19149,1886,0.32799999999999996,0.281,0.198
19151,483,0.228,0.387,0.135
19153,31065,0.218,0.253,0.26899999999999996
19155,4369,0.345,0.215,0.172
19157,983,0.262,0.287,0.18600000000000003
19159,331,0.319,0.253,0.151
19161,669,0.317,0.28,0.121
19163,9746,0.253,0.24600000000000002,0.262
19165,745,0.272,0.278,0.17300000000000001
19167,4594,0.109,0.332,0.32
19169,7525,0.153,0.24100000000000002,0.321
19171,983,0.35600000000000004,0.312,0.125
19173,378,0.369,0.195,0.13699999999999998
19175,702,0.276,0.289,0.192
19177,531,0.28300000000000003,0.368,0.11800000000000001
19179,1669,0.355,0.293,0.145
19181,3807,0.258,0.294,0.20600000000000002
19183,1544,0.213,0.35100000000000003,0.14400000000000002
19185,419,0.272,0.408,0.136
19187,1591,0.273,0.272,0.18
19189,617,0.18600000000000003,0.303,0.207
19191,1042,0.262,0.24,0.19899999999999998
19193,5055,0.317,0.27,0.21100000000000002
19195,375,0.301,0.307,0.147
19197,562,0.23,0.33799999999999997,0.221
21001,2579,0.578,0.24100000000000002,0.094
21003,1463,0.424,0.34700000000000003,0.107
21005,1613,0.33299999999999996,0.35200000000000004,0.153
21007,312,0.295,0.514,0.091
21009,2262,0.36700000000000005,0.34600000000000003,0.141
21011,292,0.39799999999999996,0.365,0.077
21013,1255,0.542,0.225,0.11800000000000001
21015,6727,0.29600000000000004,0.344,0.134
21017,786,0.315,0.32,0.161
21019,1920,0.35,0.33799999999999997,0.11
21021,1715,0.319,0.273,0.196
21023,262,0.272,0.43700000000000006,0.09300000000000001
21025,155,0.317,0.494,0.098
21027,1235,0.384,0.32299999999999995,0.151
21029,4352,0.40299999999999997,0.371,0.135
21031,1263,0.431,0.259,0.159
21033,541,0.38,0.35100000000000003,0.125
21035,1593,0.26899999999999996,0.373,0.174
21037,3664,0.276,0.308,0.147
21039,201,0.21899999999999997,0.617,0.134
21041,237,0.361,0.418,0.078
21043,1270,0.39899999999999997,0.303,0.10800000000000001
21045,1902,0.5329999999999999,0.263,0.091
21047,1858,0.335,0.382,0.17
21049,2140,0.365,0.332,0.157
21051,1494,0.579,0.23199999999999998,0.095
21053,1418,0.534,0.253,0.122
21055,769,0.4,0.34600000000000003,0.14300000000000002
21057,966,0.462,0.247,0.174
21059,4654,0.253,0.369,0.223
21061,982,0.53,0.21,0.15
21063,39,0.436,0.385,0.077
21065,600,0.48,0.244,0.135
21067,14643,0.251,0.29100000000000004,0.223
21069,758,0.423,0.314,0.10400000000000001
21071,562,0.479,0.253,0.124
21073,2034,0.278,0.33399999999999996,0.20199999999999999
21075,156,0.418,0.354,0.08900000000000001
21077,288,0.41700000000000004,0.28300000000000003,0.086
21079,1344,0.425,0.33399999999999996,0.13
21081,1262,0.381,0.35100000000000003,0.099
21083,1335,0.301,0.496,0.11199999999999999
21085,1846,0.39399999999999996,0.276,0.188
21087,1316,0.486,0.247,0.151
21089,1474,0.368,0.369,0.08800000000000001
21091,493,0.278,0.402,0.17800000000000002
21093,4803,0.34299999999999997,0.331,0.182
21095,438,0.413,0.319,0.21600000000000003
21097,696,0.376,0.355,0.136
21099,760,0.46299999999999997,0.33,0.12
21101,1284,0.27,0.429,0.133
21103,762,0.39,0.37200000000000005,0.129
21105,334,0.263,0.593,0.07200000000000001
21107,1615,0.34600000000000003,0.33899999999999997,0.182
21109,1114,0.509,0.311,0.08
21111,33414,0.301,0.28600000000000003,0.235
21113,3961,0.268,0.39,0.183
21115,1962,0.54,0.201,0.11599999999999999
21117,7308,0.26899999999999996,0.33399999999999996,0.14800000000000002
21119,89,0.41100000000000003,0.33299999999999996,0.133
21121,2309,0.5479999999999999,0.231,0.11199999999999999
21123,725,0.359,0.374,0.15
21125,4853,0.46799999999999997,0.26,0.133
21127,946,0.503,0.251,0.08900000000000001
21129,492,0.5479999999999999,0.247,0.1
21131,1020,0.485,0.257,0.129
21133,701,0.574,0.19699999999999998,0.092
21135,1162,0.43799999999999994,0.25,0.124
21137,1246,0.386,0.36,0.149
21139,310,0.373,0.449,0.092
21141,837,0.324,0.39,0.158
21143,430,0.345,0.32899999999999996,0.158
21151,4726,0.337,0.34,0.156
21153,516,0.578,0.195,0.145
21155,414,0.413,0.278,0.14400000000000002
21157,1591,0.31,0.446,0.13699999999999998
21159,966,0.601,0.205,0.08900000000000001
21161,671,0.35,0.292,0.115
21145,3494,0.28800000000000003,0.43,0.14300000000000002
21147,1313,0.54,0.257,0.098
21149,473,0.355,0.374,0.127
21163,1346,0.451,0.302,0.128
21165,206,0.449,0.294,0.084
21167,1360,0.35600000000000004,0.384,0.128
21169,705,0.434,0.31,0.13
21171,1342,0.593,0.21600000000000003,0.102
21173,1130,0.391,0.35700000000000004,0.11699999999999999
21175,164,0.42700000000000005,0.409,0.061
21177,891,0.374,0.34700000000000003,0.145
21179,1821,0.34700000000000003,0.349,0.174
21181,143,0.40700000000000003,0.303,0.131
21183,1620,0.402,0.3,0.133
21185,6164,0.273,0.321,0.222
21187,495,0.353,0.391,0.11
21189,262,0.625,0.21600000000000003,0.08900000000000001
21191,711,0.37799999999999995,0.369,0.066
21193,842,0.49200000000000005,0.289,0.106
21195,1556,0.535,0.22899999999999998,0.13
21197,488,0.519,0.248,0.08199999999999999
21199,6622,0.42,0.32299999999999995,0.11599999999999999
21201,54,0.648,0.14800000000000002,0.09300000000000001
21203,1623,0.45,0.29100000000000004,0.142
21205,885,0.348,0.349,0.127
21207,2245,0.486,0.282,0.125
21209,2947,0.304,0.354,0.16399999999999998
21211,3248,0.311,0.34700000000000003,0.193
21213,598,0.33799999999999997,0.408,0.14
21215,1656,0.353,0.396,0.147
21217,2205,0.395,0.303,0.147
21219,264,0.401,0.36,0.121
21221,921,0.40299999999999997,0.33,0.158
21223,205,0.348,0.44799999999999995,0.076
21225,237,0.385,0.39299999999999996,0.134
21227,5400,0.271,0.336,0.193
21229,581,0.33399999999999996,0.348,0.191
21231,1642,0.48100000000000004,0.261,0.1
21233,234,0.306,0.494,0.11900000000000001
21235,3199,0.473,0.254,0.14
21237,93,0.406,0.385,0.094
21239,1839,0.3,0.281,0.195
22001,3680,0.445,0.382,0.106
22003,1029,0.37200000000000005,0.501,0.067
22005,8235,0.401,0.423,0.10400000000000001
22007,730,0.493,0.332,0.106
22009,1522,0.5670000000000001,0.292,0.076
22011,2868,0.37799999999999995,0.46299999999999997,0.09699999999999999
22013,966,0.377,0.474,0.078
22015,10692,0.37799999999999995,0.45399999999999996,0.092
22017,15649,0.34600000000000003,0.439,0.107
22019,11791,0.353,0.452,0.113
22021,615,0.43799999999999994,0.40700000000000003,0.069
22023,451,0.46399999999999997,0.371,0.094
22025,608,0.457,0.405,0.078
22027,947,0.418,0.37,0.124
22029,1385,0.48700000000000004,0.303,0.1
22033,29031,0.335,0.413,0.139
22035,237,0.5,0.305,0.08199999999999999
22037,1557,0.43700000000000006,0.40299999999999997,0.087
22039,1507,0.47200000000000003,0.37799999999999995,0.086
22041,1366,0.446,0.405,0.078
22043,1597,0.43700000000000006,0.42100000000000004,0.084
22045,4712,0.444,0.37200000000000005,0.11199999999999999
22047,1608,0.491,0.32299999999999995,0.10099999999999999
22049,1327,0.35100000000000003,0.475,0.084
22051,28757,0.46,0.29,0.134
22055,17226,0.40700000000000003,0.379,0.121
22057,5648,0.46799999999999997,0.321,0.129
22061,3096,0.304,0.44799999999999995,0.131
22063,10804,0.445,0.429,0.069
22065,462,0.578,0.217,0.086
22067,1542,0.478,0.35100000000000003,0.081
22069,2587,0.385,0.37799999999999995,0.121
22071,8611,0.314,0.259,0.21
22073,11798,0.39,0.395,0.11199999999999999
22075,1288,0.537,0.282,0.09699999999999999
22077,1031,0.447,0.37799999999999995,0.114
22079,8455,0.389,0.42200000000000004,0.102
22081,585,0.36,0.491,0.08
22083,1288,0.47,0.39399999999999996,0.065
22085,1653,0.423,0.426,0.073
22105,7552,0.48100000000000004,0.35200000000000004,0.086
22107,262,0.425,0.311,0.132
22109,6701,0.502,0.308,0.10800000000000001
22111,1762,0.444,0.419,0.065
22113,3025,0.47100000000000003,0.371,0.091
22115,2517,0.433,0.41600000000000004,0.08800000000000001
22117,2467,0.494,0.359,0.075
22119,2767,0.395,0.45899999999999996,0.07200000000000001
22121,1502,0.45,0.374,0.105
22123,752,0.4,0.431,0.08199999999999999
22125,886,0.418,0.354,0.128
22127,883,0.429,0.386,0.10400000000000001
25001,6729,0.542,0.085,0.145
25009,632,0.431,0.071,0.19699999999999998
25011,4269,0.43,0.092,0.233
25013,865,0.49200000000000005,0.11800000000000001,0.14400000000000002
25019,936,0.494,0.102,0.18
25021,1686,0.41100000000000003,0.08800000000000001,0.21
25023,7965,0.526,0.08800000000000001,0.161
25027,8435,0.49,0.128,0.174
26001,2049,0.518,0.215,0.064
26003,1215,0.40700000000000003,0.25,0.078
26005,19474,0.261,0.369,0.09699999999999999
26007,4113,0.441,0.263,0.07400000000000001
26009,4619,0.40399999999999997,0.24600000000000002,0.087
26011,2119,0.513,0.212,0.08
26013,1000,0.444,0.22699999999999998,0.091
26015,9993,0.32899999999999996,0.326,0.083
26017,12921,0.41700000000000004,0.264,0.091
26019,2998,0.406,0.248,0.084
26021,20998,0.35600000000000004,0.3,0.107
26023,5716,0.405,0.253,0.079
26025,14997,0.364,0.27899999999999997,0.09
26027,6943,0.392,0.33899999999999997,0.078
26029,4731,0.379,0.23800000000000002,0.092
26031,4340,0.461,0.239,0.078
26033,4610,0.402,0.271,0.08800000000000001
26035,4026,0.47100000000000003,0.25,0.079
26037,12043,0.29600000000000004,0.28300000000000003,0.10099999999999999
26039,2137,0.49,0.20800000000000002,0.084
26041,4664,0.396,0.284,0.08800000000000001
26043,4162,0.39,0.28,0.08
26045,14933,0.344,0.28800000000000003,0.105
26047,6042,0.35200000000000004,0.245,0.106
26049,37940,0.418,0.245,0.09
26051,3670,0.455,0.23800000000000002,0.078
26053,1650,0.43799999999999994,0.23199999999999998,0.10099999999999999
26055,16263,0.33799999999999997,0.262,0.109
26057,4620,0.375,0.337,0.08
26059,7023,0.41100000000000003,0.281,0.073
26061,4237,0.312,0.33899999999999997,0.099
26063,5167,0.43,0.22899999999999998,0.094
26065,25887,0.292,0.255,0.111
26067,7774,0.327,0.321,0.084
26069,3583,0.523,0.179,0.086
26071,1766,0.473,0.252,0.055999999999999994
26073,5899,0.353,0.273,0.114
26075,19621,0.392,0.251,0.09300000000000001
26077,30432,0.267,0.27399999999999997,0.11699999999999999
26079,3302,0.503,0.231,0.077
26081,95031,0.231,0.35700000000000004,0.11699999999999999
26083,415,0.423,0.24100000000000002,0.115
26085,1521,0.506,0.24100000000000002,0.062
26087,15439,0.456,0.23399999999999999,0.071
26089,4566,0.33399999999999996,0.24,0.11199999999999999
26091,13812,0.359,0.271,0.071
26093,37406,0.39299999999999996,0.239,0.086
26095,869,0.43700000000000006,0.26,0.071
26097,1883,0.43200000000000005,0.222,0.087
26099,118220,0.484,0.16,0.08199999999999999
26101,3567,0.41600000000000004,0.262,0.075
26103,7293,0.32899999999999996,0.273,0.09
26105,4782,0.35600000000000004,0.308,0.091
26107,5357,0.369,0.311,0.091
26109,2698,0.457,0.248,0.09300000000000001
26111,13501,0.278,0.335,0.107
26113,2899,0.39299999999999996,0.28600000000000003,0.08199999999999999
26115,20746,0.40399999999999997,0.23199999999999998,0.065
26117,8160,0.35100000000000003,0.335,0.076
26119,1929,0.51,0.19699999999999998,0.076
26121,17816,0.306,0.345,0.1
26123,8252,0.306,0.409,0.071
26125,182622,0.36200000000000004,0.17600000000000002,0.09699999999999999
26127,4292,0.297,0.377,0.073
26129,3023,0.505,0.21899999999999997,0.07
26131,1026,0.475,0.191,0.087
26133,4027,0.428,0.302,0.07
26135,1411,0.47200000000000003,0.247,0.06
26137,4115,0.45,0.242,0.08
26139,56980,0.193,0.39799999999999996,0.121
26141,2079,0.423,0.242,0.1
26143,4140,0.5,0.166,0.091
26145,22113,0.392,0.281,0.08900000000000001
26151,6842,0.447,0.217,0.077
26153,1066,0.474,0.19399999999999998,0.07
26155,9338,0.387,0.275,0.08800000000000001
26157,8344,0.424,0.302,0.07400000000000001
26159,8890,0.35100000000000003,0.275,0.099
26161,35524,0.275,0.231,0.111
26163,130684,0.405,0.183,0.084
26165,5554,0.44299999999999995,0.261,0.068
28001,2942,0.47600000000000003,0.33799999999999997,0.063
28003,5639,0.504,0.348,0.055999999999999994
28005,2225,0.52,0.374,0.031
28007,2581,0.509,0.35100000000000003,0.047
28009,1008,0.537,0.376,0.033
28011,2534,0.534,0.231,0.061
28013,2337,0.55,0.33799999999999997,0.035
28015,2017,0.5479999999999999,0.314,0.042
28017,1968,0.516,0.35200000000000004,0.047
28019,1557,0.47700000000000004,0.387,0.043
28021,220,0.596,0.28,0.031
28023,2750,0.494,0.37799999999999995,0.040999999999999995
28025,2193,0.46399999999999997,0.38299999999999995,0.047
28027,1084,0.541,0.254,0.054000000000000006
28029,3596,0.5489999999999999,0.311,0.044000000000000004
28031,3020,0.56,0.354,0.025
28035,9594,0.434,0.373,0.051
28037,1546,0.47600000000000003,0.40299999999999997,0.036000000000000004
28039,4547,0.48200000000000004,0.418,0.040999999999999995
28041,2104,0.503,0.382,0.046
28043,3030,0.556,0.309,0.042
28045,7103,0.573,0.27699999999999997,0.049
28047,24248,0.507,0.316,0.055999999999999994
28049,17226,0.396,0.32799999999999996,0.07400000000000001
28051,707,0.5720000000000001,0.27699999999999997,0.037000000000000005
28053,669,0.541,0.157,0.06
28055,165,0.688,0.153,0.047
28057,4086,0.455,0.424,0.043
28059,19835,0.49,0.349,0.054000000000000006
28061,2240,0.562,0.359,0.017
28063,236,0.483,0.354,0.067
28067,11794,0.531,0.386,0.025
28069,907,0.52,0.353,0.045
28071,6765,0.361,0.33,0.09699999999999999
28073,11125,0.456,0.382,0.047
28075,10121,0.45299999999999996,0.369,0.054000000000000006
28077,2107,0.5579999999999999,0.33299999999999996,0.042
28079,2672,0.52,0.37200000000000005,0.033
28081,13261,0.395,0.435,0.053
28083,1559,0.485,0.254,0.044000000000000004
28085,6046,0.475,0.36200000000000004,0.057999999999999996
28087,7698,0.423,0.39899999999999997,0.057
28089,17624,0.42,0.301,0.07
28091,4600,0.522,0.38,0.034
28093,3683,0.457,0.44799999999999995,0.043
28095,5024,0.5,0.341,0.057999999999999996
28097,1377,0.491,0.365,0.039
28099,4333,0.498,0.332,0.045
28101,3756,0.46299999999999997,0.392,0.049
28103,586,0.387,0.47600000000000003,0.049
28105,4763,0.314,0.39299999999999996,0.085
28107,4077,0.544,0.336,0.049
28109,8864,0.503,0.384,0.038
28111,1303,0.506,0.41100000000000003,0.017
28113,4255,0.501,0.32899999999999996,0.037000000000000005
28115,5345,0.41700000000000004,0.449,0.038
28117,3321,0.47,0.40299999999999997,0.048
28119,390,0.529,0.322,0.057999999999999996
28121,28680,0.469,0.35100000000000003,0.055999999999999994
28123,3397,0.525,0.349,0.044000000000000004
28125,402,0.57,0.27,0.069
28127,4501,0.509,0.32799999999999996,0.044000000000000004
28129,3203,0.552,0.359,0.026000000000000002
28131,3109,0.43799999999999994,0.446,0.034
28133,1437,0.611,0.20800000000000002,0.048
28135,1187,0.636,0.259,0.033
28137,4191,0.42100000000000004,0.47700000000000004,0.043
28139,3898,0.489,0.389,0.043
28141,3457,0.523,0.34700000000000003,0.043
28143,263,0.5579999999999999,0.305,0.045
28145,4842,0.433,0.42200000000000004,0.048
28147,1948,0.578,0.302,0.037000000000000005
28149,5831,0.502,0.307,0.061
28151,2397,0.552,0.252,0.046
28153,3261,0.518,0.39,0.028999999999999998
28155,2302,0.501,0.37200000000000005,0.042
28157,641,0.546,0.337,0.033
28159,2449,0.45899999999999996,0.374,0.048
28161,1827,0.545,0.324,0.037000000000000005
28163,2710,0.5479999999999999,0.305,0.055
29001,3380,0.40399999999999997,0.335,0.086
29003,3372,0.41700000000000004,0.369,0.063
29005,1070,0.43700000000000006,0.29100000000000004,0.121
29007,3905,0.4,0.408,0.057
29009,6874,0.431,0.45399999999999996,0.036000000000000004
29011,2819,0.341,0.539,0.036000000000000004
29013,2728,0.46,0.381,0.05
29015,4017,0.5539999999999999,0.32,0.034
29017,2622,0.47600000000000003,0.41600000000000004,0.037000000000000005
29019,24951,0.309,0.439,0.08199999999999999
29021,10894,0.41600000000000004,0.344,0.075
29023,7079,0.505,0.37,0.045
29025,1726,0.43700000000000006,0.392,0.054000000000000006
29027,7352,0.41600000000000004,0.43200000000000005,0.049
29029,9771,0.5489999999999999,0.3,0.047
29031,15408,0.39,0.466,0.044000000000000004
29033,1900,0.513,0.335,0.046
29035,1136,0.535,0.34700000000000003,0.043
29037,17269,0.39,0.434,0.06
29039,3043,0.429,0.445,0.032
29041,1372,0.423,0.40399999999999997,0.052000000000000005
29043,19507,0.348,0.5329999999999999,0.042
29045,1129,0.461,0.386,0.043
29047,32102,0.375,0.414,0.07200000000000001
29049,3517,0.45,0.384,0.057999999999999996
29051,14364,0.377,0.418,0.07200000000000001
29053,3010,0.405,0.445,0.044000000000000004
29055,4018,0.53,0.368,0.037000000000000005
29057,1965,0.391,0.495,0.034
29059,3595,0.45799999999999996,0.44299999999999995,0.034
29061,1223,0.503,0.325,0.059000000000000004
29065,3193,0.514,0.365,0.042
29067,3038,0.528,0.368,0.03
29069,3110,0.5589999999999999,0.326,0.035
29071,19906,0.445,0.39799999999999996,0.055999999999999994
29073,3049,0.455,0.406,0.045
29075,1025,0.40700000000000003,0.379,0.064
29077,50735,0.321,0.517,0.052000000000000005
29079,1893,0.501,0.345,0.04
29081,1572,0.465,0.364,0.052000000000000005
29083,3576,0.445,0.38,0.052000000000000005
29085,524,0.5489999999999999,0.32899999999999996,0.055
29087,1035,0.47100000000000003,0.35600000000000004,0.065
29089,1704,0.39799999999999996,0.45799999999999996,0.045
29091,8218,0.5,0.37200000000000005,0.042
29093,1590,0.489,0.39,0.045
29095,69817,0.373,0.4,0.07
29097,20245,0.325,0.537,0.051
29099,33902,0.513,0.4,0.057999999999999996
29101,7218,0.40700000000000003,0.401,0.065
29103,699,0.478,0.36200000000000004,0.045
29105,7485,0.455,0.42,0.04
29107,5800,0.42200000000000004,0.39399999999999996,0.062
29109,8063,0.379,0.512,0.032
29111,1566,0.499,0.374,0.037000000000000005
29113,8637,0.47,0.423,0.04
29115,2067,0.44799999999999995,0.401,0.05
29117,2487,0.461,0.34299999999999997,0.057999999999999996
29121,3132,0.46399999999999997,0.38799999999999996,0.039
29123,1919,0.466,0.41100000000000003,0.039
29125,1855,0.503,0.39299999999999996,0.032
29127,4939,0.40700000000000003,0.446,0.048
29119,3473,0.44299999999999995,0.441,0.042
29129,733,0.6,0.27399999999999997,0.028999999999999998
29131,4938,0.49,0.379,0.042
29133,1792,0.529,0.35700000000000004,0.034
29135,2877,0.386,0.46399999999999997,0.048
29137,1580,0.43200000000000005,0.43,0.037000000000000005
29139,2349,0.495,0.373,0.039
29141,3726,0.518,0.353,0.043
29143,2453,0.55,0.34700000000000003,0.036000000000000004
29145,12044,0.35100000000000003,0.526,0.040999999999999995
29147,3275,0.371,0.37,0.08199999999999999
29149,1771,0.517,0.37799999999999995,0.032
29151,2859,0.45,0.413,0.044000000000000004
29153,2123,0.502,0.384,0.03
29155,1957,0.5710000000000001,0.312,0.037000000000000005
29157,3578,0.426,0.418,0.054000000000000006
29159,7128,0.45299999999999996,0.365,0.062
29161,7375,0.45299999999999996,0.39299999999999996,0.055
29163,2615,0.462,0.408,0.037000000000000005
29165,14480,0.371,0.392,0.071
29167,6354,0.344,0.527,0.040999999999999995
29169,5335,0.511,0.341,0.049
29171,1015,0.532,0.285,0.046
29173,2006,0.46799999999999997,0.405,0.044000000000000004
29175,4040,0.455,0.4,0.047
29177,3440,0.442,0.41200000000000003,0.047
29179,1085,0.5870000000000001,0.324,0.034
29181,2225,0.48,0.386,0.048
29195,3061,0.44799999999999995,0.389,0.049
29197,713,0.574,0.287,0.024
29199,792,0.48200000000000004,0.385,0.031
29201,6664,0.496,0.39,0.036000000000000004
29203,1468,0.532,0.363,0.03
29205,1322,0.424,0.401,0.059000000000000004
29207,5700,0.52,0.368,0.039
29209,8039,0.479,0.39299999999999996,0.037000000000000005
29211,967,0.512,0.332,0.044000000000000004
29213,10456,0.474,0.391,0.047
29215,5046,0.51,0.377,0.034
29217,3043,0.483,0.361,0.042
29219,5795,0.46,0.40399999999999997,0.045
29221,3209,0.508,0.406,0.034
29223,2467,0.542,0.345,0.032
29225,7868,0.37799999999999995,0.513,0.038
29227,463,0.47100000000000003,0.366,0.061
29229,3979,0.462,0.445,0.03
32510,2438,0.434,0.188,0.244
32001,1343,0.39899999999999997,0.231,0.254
32003,40990,0.489,0.191,0.24600000000000002
32005,4609,0.364,0.259,0.271
32007,2351,0.253,0.43799999999999994,0.212
32009,73,0.622,0.122,0.10800000000000001
32011,194,0.415,0.344,0.159
32013,859,0.418,0.21899999999999997,0.21100000000000002
32015,414,0.39799999999999996,0.35700000000000004,0.17300000000000001
32017,285,0.28800000000000003,0.446,0.161
32019,2891,0.48200000000000004,0.245,0.174
32021,191,0.508,0.19399999999999998,0.19899999999999998
32023,1715,0.565,0.235,0.127
32027,290,0.40700000000000003,0.28300000000000003,0.19699999999999998
32029,375,0.429,0.21100000000000002,0.152
32031,15430,0.441,0.209,0.24600000000000002
32033,430,0.395,0.26899999999999996,0.225
37001,16554,0.38299999999999995,0.409,0.076
37003,6054,0.419,0.455,0.039
37005,1549,0.49700000000000005,0.315,0.062
37007,1191,0.5,0.36200000000000004,0.052000000000000005
37009,4309,0.447,0.35600000000000004,0.064
37011,3961,0.426,0.349,0.071
37013,6933,0.44299999999999995,0.377,0.052000000000000005
37015,888,0.382,0.52,0.033
37017,2391,0.569,0.326,0.039
37019,21545,0.525,0.20800000000000002,0.079
37021,26577,0.309,0.419,0.091
37023,10932,0.441,0.37799999999999995,0.062
37025,25914,0.426,0.381,0.065
37027,11895,0.45399999999999996,0.371,0.057
37029,1411,0.517,0.295,0.09699999999999999
37031,13330,0.515,0.28600000000000003,0.061
37033,1951,0.49700000000000005,0.392,0.040999999999999995
37035,24420,0.44,0.38799999999999996,0.055
37037,8763,0.348,0.38,0.08
37039,5477,0.504,0.325,0.062
37041,1557,0.435,0.361,0.068
37043,2457,0.48100000000000004,0.34700000000000003,0.065
37045,10200,0.447,0.408,0.051
37047,3487,0.607,0.27899999999999997,0.042
37049,12212,0.447,0.342,0.07
37051,21996,0.474,0.353,0.066
37055,5075,0.501,0.21899999999999997,0.084
37057,23593,0.452,0.386,0.055999999999999994
37059,9064,0.41100000000000003,0.359,0.067
37061,4669,0.48100000000000004,0.38799999999999996,0.043
37063,15891,0.26899999999999996,0.377,0.122
37065,2483,0.45399999999999996,0.423,0.055
37067,40509,0.33899999999999997,0.384,0.083
37069,7206,0.405,0.467,0.044000000000000004
37071,24777,0.45399999999999996,0.368,0.07
37073,721,0.519,0.342,0.06
37075,1583,0.518,0.33,0.061
37077,4970,0.433,0.426,0.05
37079,1388,0.428,0.479,0.033
37081,52022,0.345,0.38,0.08900000000000001
37083,2392,0.515,0.331,0.055
37085,10899,0.44299999999999995,0.418,0.055999999999999994
37087,7544,0.39799999999999996,0.381,0.079
37089,20234,0.337,0.401,0.085
37091,703,0.486,0.345,0.057
37093,2587,0.49700000000000005,0.35700000000000004,0.062
37095,408,0.525,0.33299999999999996,0.046
37097,27154,0.462,0.337,0.064
37099,3981,0.395,0.349,0.092
37101,23933,0.415,0.441,0.055
37103,1078,0.52,0.369,0.034
37105,5539,0.42100000000000004,0.39399999999999996,0.068
37107,4841,0.457,0.379,0.071
37109,13439,0.45799999999999996,0.364,0.068
37113,6183,0.449,0.313,0.08199999999999999
37115,2356,0.4,0.414,0.071
37117,1831,0.424,0.461,0.044000000000000004
37111,5955,0.41200000000000003,0.391,0.07200000000000001
37119,85677,0.325,0.302,0.121
37121,3628,0.46799999999999997,0.313,0.069
37123,2671,0.518,0.325,0.046
37125,17567,0.40700000000000003,0.32899999999999996,0.065
37127,10382,0.41,0.428,0.063
37129,27621,0.444,0.251,0.095
37131,991,0.541,0.314,0.05
37133,16682,0.484,0.33,0.067
37135,10210,0.275,0.342,0.13699999999999998
37137,1911,0.509,0.28300000000000003,0.064
37139,2795,0.47200000000000003,0.325,0.08199999999999999
37141,7500,0.525,0.289,0.063
37143,1594,0.441,0.322,0.08199999999999999
37145,3994,0.457,0.419,0.052000000000000005
37147,14930,0.361,0.42700000000000005,0.075
37149,3430,0.462,0.32299999999999995,0.061
37151,20722,0.428,0.423,0.053
37153,2590,0.551,0.317,0.049
37155,3910,0.508,0.324,0.067
37157,10834,0.44,0.39899999999999997,0.063
37159,19782,0.461,0.371,0.054000000000000006
37161,8228,0.491,0.34299999999999997,0.064
37163,6806,0.48100000000000004,0.4,0.040999999999999995
37165,1876,0.489,0.316,0.064
37167,10142,0.49200000000000005,0.341,0.055
37169,7998,0.46,0.41200000000000003,0.04
37171,9296,0.44299999999999995,0.405,0.049
37173,1317,0.455,0.32899999999999996,0.084
37175,5575,0.335,0.371,0.08
37177,306,0.442,0.354,0.085
37179,31203,0.397,0.387,0.078
37181,1947,0.503,0.344,0.059000000000000004
37183,117601,0.293,0.40399999999999997,0.10300000000000001
37185,954,0.535,0.304,0.051
37187,694,0.397,0.48200000000000004,0.045
37189,7029,0.318,0.37200000000000005,0.127
37191,11349,0.425,0.42200000000000004,0.062
37193,12301,0.466,0.374,0.051
37195,7496,0.41,0.441,0.054000000000000006
37197,7541,0.44299999999999995,0.41,0.036000000000000004
37199,2772,0.40700000000000003,0.39899999999999997,0.057
39001,5241,0.48200000000000004,0.157,0.013999999999999999
39003,20055,0.35200000000000004,0.18100000000000002,0.021
39005,11223,0.32899999999999996,0.175,0.024
39007,13520,0.442,0.132,0.022000000000000002
39009,6044,0.424,0.11900000000000001,0.031
39011,11253,0.375,0.155,0.018000000000000002
39013,10614,0.493,0.182,0.032
39015,9024,0.495,0.155,0.019
39017,67481,0.396,0.145,0.024
39019,5595,0.475,0.147,0.015
39021,8345,0.396,0.145,0.017
39023,23928,0.408,0.115,0.021
39025,41991,0.40399999999999997,0.157,0.023
39027,8871,0.433,0.135,0.027999999999999997
39029,18559,0.467,0.12,0.02
39031,6390,0.42100000000000004,0.134,0.023
39033,8247,0.364,0.204,0.02
39035,139409,0.326,0.087,0.033
39037,12497,0.426,0.139,0.019
39039,8209,0.309,0.16699999999999998,0.03
39041,51107,0.21600000000000003,0.12,0.017
39043,12473,0.384,0.125,0.03
39045,31374,0.31,0.17,0.021
39047,4983,0.374,0.11699999999999999,0.018000000000000002
39049,157594,0.222,0.11599999999999999,0.017
39051,9407,0.307,0.175,0.021
39053,6058,0.465,0.146,0.026000000000000002
39055,23441,0.34,0.113,0.026000000000000002
39057,35988,0.361,0.136,0.022000000000000002
39059,6803,0.43799999999999994,0.13699999999999998,0.024
39061,138705,0.29100000000000004,0.107,0.107
39063,17716,0.319,0.168,0.024
39065,5242,0.364,0.171,0.02
39067,2697,0.517,0.147,0.024
39069,6584,0.294,0.141,0.023
39071,7727,0.486,0.14,0.022000000000000002
39073,4774,0.414,0.184,0.019
39075,5557,0.32299999999999995,0.218,0.021
39077,9499,0.391,0.151,0.023
39079,5818,0.504,0.11199999999999999,0.027000000000000003
39081,10681,0.518,0.136,0.028999999999999998
39083,12843,0.314,0.22699999999999998,0.019
39085,43367,0.395,0.10099999999999999,0.024
39087,11834,0.473,0.158,0.037000000000000005
39089,34335,0.315,0.158,0.016
39091,10171,0.391,0.184,0.025
39093,43857,0.36700000000000005,0.11199999999999999,0.024
39095,51073,0.337,0.151,0.024
39097,7955,0.318,0.162,0.018000000000000002
39099,33327,0.506,0.08,0.023
39101,10762,0.375,0.18100000000000002,0.018000000000000002
39103,37544,0.35700000000000004,0.12,0.022000000000000002
39105,4824,0.475,0.13,0.03
39107,10243,0.33899999999999997,0.193,0.021
39109,26150,0.40700000000000003,0.13699999999999998,0.022000000000000002
39111,1981,0.509,0.182,0.042
39113,87012,0.4,0.11800000000000001,0.019
39115,3201,0.414,0.145,0.033
39117,8626,0.33799999999999997,0.237,0.016
39119,14909,0.40299999999999997,0.121,0.024
39121,2443,0.469,0.138,0.026000000000000002
39123,7514,0.38799999999999996,0.14,0.025
39125,3983,0.321,0.213,0.035
39127,5750,0.435,0.16,0.021
39129,10579,0.32899999999999996,0.18600000000000003,0.018000000000000002
39131,3581,0.466,0.152,0.028999999999999998
39133,24959,0.42700000000000005,0.107,0.022000000000000002
39135,10195,0.483,0.151,0.019
39137,10336,0.263,0.213,0.027000000000000003
39139,24081,0.36,0.23399999999999999,0.021
39141,11907,0.391,0.159,0.026000000000000002
39143,11496,0.353,0.165,0.027999999999999997
39145,11191,0.501,0.126,0.032
39147,9808,0.33399999999999996,0.14800000000000002,0.03
39149,11395,0.39299999999999996,0.161,0.024
39151,68099,0.376,0.105,0.021
39153,153957,0.354,0.1,0.024
39155,28287,0.526,0.094,0.023
39157,14302,0.41200000000000003,0.156,0.027999999999999997
39159,12961,0.27699999999999997,0.166,0.021
39161,6826,0.34299999999999997,0.20199999999999999,0.04
39163,2055,0.484,0.165,0.028999999999999998
39165,52448,0.379,0.149,0.026000000000000002
39167,12421,0.397,0.157,0.027999999999999997
39169,21006,0.304,0.168,0.018000000000000002
39171,8299,0.327,0.153,0.027000000000000003
39173,22235,0.305,0.16399999999999998,0.027999999999999997
39175,4505,0.375,0.17,0.024
40001,1525,0.316,0.332,0.247
40003,1117,0.294,0.368,0.239
40005,730,0.374,0.36200000000000004,0.14
40007,1127,0.24600000000000002,0.48,0.132
40009,2159,0.305,0.41200000000000003,0.188
40011,1414,0.312,0.368,0.209
40013,2774,0.311,0.44,0.11699999999999999
40015,1978,0.29100000000000004,0.42200000000000004,0.179
40017,22108,0.27699999999999997,0.36200000000000004,0.26
40019,4083,0.321,0.35600000000000004,0.17300000000000001
40021,3273,0.276,0.32,0.264
40023,699,0.43200000000000005,0.32899999999999996,0.11
40025,472,0.257,0.42200000000000004,0.139
40027,35320,0.262,0.344,0.282
40029,246,0.397,0.335,0.14
40031,8050,0.29,0.41700000000000004,0.17300000000000001
40033,594,0.23800000000000002,0.524,0.126
40035,1197,0.34700000000000003,0.344,0.191
40037,10154,0.32299999999999995,0.37,0.207
40039,3462,0.221,0.425,0.248
40041,4595,0.369,0.292,0.22899999999999998
40043,841,0.304,0.426,0.145
40045,863,0.27699999999999997,0.39799999999999996,0.209
40047,8935,0.301,0.307,0.27899999999999997
40049,2572,0.344,0.39299999999999996,0.161
40051,7556,0.297,0.39399999999999996,0.217
40053,978,0.335,0.318,0.23600000000000002
40055,288,0.379,0.311,0.195
40057,174,0.256,0.32799999999999996,0.267
40059,650,0.281,0.418,0.191
40061,672,0.369,0.39299999999999996,0.147
40063,751,0.355,0.41600000000000004,0.151
40065,2340,0.319,0.37200000000000005,0.184
40067,377,0.342,0.392,0.161
40069,678,0.36700000000000005,0.355,0.136
40071,6287,0.3,0.341,0.248
40073,2761,0.306,0.341,0.261
40075,776,0.29600000000000004,0.382,0.221
40077,479,0.36700000000000005,0.34600000000000003,0.182
40081,4927,0.319,0.382,0.193
40083,7668,0.289,0.363,0.24600000000000002
40085,509,0.42200000000000004,0.342,0.145
40093,1853,0.253,0.429,0.213
40095,1176,0.408,0.302,0.17300000000000001
40097,4402,0.353,0.325,0.212
40087,6039,0.28800000000000003,0.406,0.20600000000000002
40089,1331,0.34700000000000003,0.348,0.163
40091,1461,0.38799999999999996,0.322,0.20199999999999999
40099,976,0.35,0.345,0.204
40101,4968,0.294,0.31,0.287
40103,1841,0.315,0.317,0.248
40105,1258,0.337,0.35100000000000003,0.205
40107,776,0.311,0.396,0.182
40109,87058,0.25,0.304,0.32799999999999996
40111,3072,0.312,0.379,0.204
40113,5312,0.315,0.38,0.201
40115,2004,0.317,0.34700000000000003,0.19
40117,1940,0.349,0.37799999999999995,0.17800000000000002
40119,9036,0.259,0.292,0.311
40121,2843,0.374,0.28800000000000003,0.212
40123,3224,0.282,0.324,0.244
40125,7783,0.293,0.37,0.22899999999999998
40127,548,0.396,0.33799999999999997,0.12300000000000001
40129,470,0.267,0.45299999999999996,0.154
40131,15533,0.306,0.37200000000000005,0.226
40133,1752,0.315,0.379,0.204
40135,2709,0.345,0.374,0.183
40137,5362,0.295,0.446,0.14800000000000002
40139,2571,0.295,0.39399999999999996,0.152
40141,669,0.285,0.413,0.192
40143,86869,0.271,0.316,0.295
40145,11417,0.301,0.387,0.22
40147,9241,0.242,0.384,0.261
40149,1273,0.272,0.433,0.204
40151,1565,0.305,0.361,0.228
40153,3238,0.34,0.376,0.179
45001,3667,0.369,0.239,0.20199999999999999
45003,28591,0.316,0.24600000000000002,0.23800000000000002
45005,361,0.44299999999999995,0.122,0.255
45007,34286,0.319,0.255,0.209
45009,1200,0.401,0.161,0.278
45011,2588,0.42700000000000005,0.19899999999999998,0.222
45013,32970,0.301,0.134,0.27699999999999997
45015,27684,0.34,0.226,0.223
45017,2289,0.35200000000000004,0.24600000000000002,0.184
45019,54625,0.264,0.166,0.27899999999999997
45021,8612,0.42,0.23,0.168
45023,3329,0.42100000000000004,0.254,0.166
45025,4500,0.401,0.319,0.154
45027,4294,0.373,0.24100000000000002,0.185
45029,5372,0.433,0.205,0.174
45031,8879,0.37799999999999995,0.292,0.156
45033,2675,0.363,0.341,0.166
45035,22071,0.315,0.23600000000000002,0.23800000000000002
45037,4007,0.341,0.28600000000000003,0.225
45039,2559,0.359,0.247,0.19399999999999998
45041,18121,0.331,0.287,0.185
45043,11495,0.402,0.138,0.23399999999999999
45045,92954,0.268,0.24600000000000002,0.24600000000000002
45047,10532,0.28800000000000003,0.22899999999999998,0.24100000000000002
45049,1663,0.434,0.21899999999999997,0.18899999999999997
45051,53775,0.49200000000000005,0.158,0.179
45053,3001,0.39,0.18899999999999997,0.23199999999999998
45055,10686,0.344,0.259,0.177
45057,12377,0.33899999999999997,0.217,0.223
45059,9638,0.345,0.285,0.16399999999999998
45061,1566,0.474,0.225,0.125
45063,54541,0.3,0.24100000000000002,0.209
45067,2837,0.425,0.261,0.154
45069,1749,0.42100000000000004,0.23399999999999999,0.145
45065,1816,0.33899999999999997,0.204,0.258
45071,5883,0.344,0.213,0.195
45073,15581,0.284,0.203,0.257
45075,6680,0.38,0.195,0.195
45077,23685,0.301,0.27,0.209
45079,39259,0.23399999999999999,0.203,0.27899999999999997
45081,3431,0.364,0.23199999999999998,0.161
45083,46655,0.327,0.24600000000000002,0.22899999999999998
45085,11173,0.337,0.221,0.2
45087,3611,0.389,0.245,0.20800000000000002
45089,2739,0.433,0.21,0.19
45091,37910,0.317,0.242,0.213
47001,10513,0.4,0.228,0.218
47003,6231,0.488,0.262,0.13
47005,2197,0.519,0.256,0.125
47007,2003,0.49200000000000005,0.23800000000000002,0.139
47009,20696,0.377,0.223,0.239
47011,16303,0.366,0.217,0.244
47013,4169,0.519,0.196,0.16699999999999998
47015,2305,0.53,0.28,0.083
47017,3578,0.43200000000000005,0.265,0.157
47019,9388,0.444,0.245,0.183
47021,5632,0.44299999999999995,0.284,0.14800000000000002
47023,2435,0.41200000000000003,0.262,0.152
47025,3682,0.5379999999999999,0.213,0.14400000000000002
47027,1029,0.5710000000000001,0.171,0.139
47029,5823,0.531,0.215,0.127
47031,8110,0.425,0.265,0.158
47033,2051,0.475,0.257,0.131
47035,11646,0.43200000000000005,0.257,0.165
47037,53850,0.31,0.22,0.293
47039,1564,0.528,0.23,0.125
47043,6136,0.43799999999999994,0.28300000000000003,0.14800000000000002
47045,4977,0.47200000000000003,0.249,0.16
47047,7160,0.396,0.34700000000000003,0.154
47049,2862,0.486,0.308,0.111
47051,6285,0.48,0.226,0.14800000000000002
47053,6783,0.41700000000000004,0.27699999999999997,0.147
47055,3704,0.506,0.23800000000000002,0.14
47057,3400,0.504,0.22699999999999998,0.159
47059,10732,0.45399999999999996,0.23199999999999998,0.16699999999999998
47061,1598,0.5579999999999999,0.23399999999999999,0.081
47063,10194,0.444,0.21100000000000002,0.185
47065,49717,0.32899999999999996,0.187,0.27899999999999997
47067,863,0.49,0.23600000000000002,0.17
47069,2330,0.493,0.24100000000000002,0.133
47071,3764,0.546,0.16399999999999998,0.156
47073,8875,0.483,0.22399999999999998,0.159
47075,1473,0.40700000000000003,0.316,0.149
47077,3876,0.46299999999999997,0.243,0.14400000000000002
47079,5273,0.489,0.22399999999999998,0.138
47081,2771,0.47,0.297,0.11699999999999999
47083,1006,0.512,0.226,0.156
47085,2314,0.517,0.226,0.139
47087,1501,0.46799999999999997,0.295,0.126
47089,8706,0.449,0.223,0.175
47091,2769,0.46,0.261,0.159
47093,62682,0.324,0.209,0.28300000000000003
47095,575,0.562,0.21600000000000003,0.124
47097,2278,0.47700000000000004,0.27399999999999997,0.131
47099,5680,0.49700000000000005,0.27,0.11900000000000001
47101,1566,0.507,0.26899999999999996,0.11
47103,5417,0.483,0.22899999999999998,0.155
47105,10156,0.402,0.21100000000000002,0.221
47111,3014,0.5710000000000001,0.24100000000000002,0.092
47113,11791,0.342,0.29600000000000004,0.209
47115,3487,0.504,0.193,0.16399999999999998
47117,3774,0.486,0.26,0.132
47119,11572,0.397,0.3,0.174
47107,8287,0.42100000000000004,0.23399999999999999,0.18100000000000002
47109,3679,0.485,0.20800000000000002,0.155
47121,1772,0.52,0.184,0.159
47123,8143,0.47700000000000004,0.21,0.156
47125,16653,0.377,0.245,0.209
47127,1449,0.469,0.275,0.107
47129,2504,0.48200000000000004,0.271,0.134
47131,4422,0.425,0.32,0.135
47133,3277,0.47100000000000003,0.27699999999999997,0.136
47135,969,0.551,0.22,0.132
47137,1151,0.5,0.233,0.12
47139,2212,0.527,0.22,0.139
47141,10487,0.39399999999999996,0.276,0.17800000000000002
47143,5131,0.441,0.212,0.192
47145,8380,0.424,0.239,0.19
47147,9754,0.413,0.305,0.158
47149,36158,0.359,0.298,0.2
47151,2214,0.48100000000000004,0.225,0.179
47153,2109,0.488,0.204,0.168
47155,16060,0.46799999999999997,0.21100000000000002,0.193
47157,67969,0.299,0.285,0.264
47159,2897,0.48,0.293,0.107
47161,1890,0.496,0.23,0.157
47163,22196,0.385,0.268,0.19899999999999998
47165,25913,0.369,0.28800000000000003,0.196
47167,8307,0.43,0.32,0.147
47169,911,0.49,0.304,0.098
47171,3469,0.505,0.188,0.171
47173,2385,0.54,0.22,0.139
47175,890,0.55,0.251,0.1
47177,4745,0.47100000000000003,0.245,0.16399999999999998
47179,18723,0.364,0.249,0.23199999999999998
47181,2158,0.528,0.242,0.11900000000000001
47183,4194,0.41200000000000003,0.28300000000000003,0.162
47185,4032,0.511,0.254,0.121
47187,41013,0.27399999999999997,0.253,0.314
47189,21723,0.38799999999999996,0.29100000000000004,0.184
48001,8276,0.28600000000000003,0.534,0.095
48003,2707,0.247,0.465,0.139
48005,13075,0.26899999999999996,0.507,0.11900000000000001
48007,4973,0.39299999999999996,0.311,0.14800000000000002
48009,2384,0.28600000000000003,0.49200000000000005,0.10800000000000001
48011,710,0.254,0.49,0.075
48013,4409,0.297,0.52,0.11800000000000001
48015,5957,0.287,0.525,0.106
48017,935,0.245,0.519,0.129
48019,5073,0.34700000000000003,0.43200000000000005,0.11800000000000001
48021,10323,0.33399999999999996,0.391,0.14400000000000002
48023,783,0.307,0.429,0.11599999999999999
48025,2879,0.259,0.5,0.141
48027,29843,0.258,0.445,0.154
48029,128532,0.247,0.408,0.23199999999999998
48031,2886,0.295,0.45799999999999996,0.13699999999999998
48033,302,0.294,0.529,0.09699999999999999
48035,4070,0.302,0.507,0.092
48037,15609,0.307,0.43,0.127
48039,38060,0.255,0.51,0.142
48041,24634,0.18100000000000002,0.47200000000000003,0.187
48043,1143,0.301,0.386,0.17
48045,427,0.242,0.537,0.077
48047,58,0.31,0.534,0.052000000000000005
48049,8281,0.281,0.48,0.106
48051,3165,0.298,0.517,0.078
48053,9680,0.31,0.397,0.155
48055,4409,0.29100000000000004,0.431,0.158
48057,3378,0.33,0.445,0.126
48059,3234,0.304,0.49700000000000005,0.085
48061,12199,0.33899999999999997,0.35200000000000004,0.20800000000000002
48063,1919,0.324,0.436,0.133
48065,1498,0.24,0.5539999999999999,0.08199999999999999
48067,5263,0.29600000000000004,0.508,0.09300000000000001
48069,983,0.262,0.48100000000000004,0.109
48071,6805,0.28800000000000003,0.534,0.087
48073,8292,0.275,0.534,0.09
48075,927,0.29,0.451,0.124
48077,2817,0.289,0.488,0.10300000000000001
48079,682,0.204,0.47100000000000003,0.163
48081,814,0.294,0.474,0.1
48083,2189,0.29600000000000004,0.505,0.091
48085,113860,0.256,0.396,0.233
48087,555,0.26899999999999996,0.467,0.11599999999999999
48089,3701,0.287,0.52,0.125
48091,27855,0.262,0.452,0.177
48093,2795,0.312,0.47700000000000004,0.11
48095,645,0.322,0.408,0.109
48097,8469,0.308,0.474,0.113
48099,7252,0.311,0.43,0.114
48101,283,0.27,0.56,0.047
48103,948,0.24100000000000002,0.45299999999999996,0.16399999999999998
48105,183,0.26899999999999996,0.473,0.156
48107,696,0.259,0.49700000000000005,0.121
48109,78,0.375,0.45,0.113
48111,802,0.304,0.467,0.106
48113,169955,0.248,0.35,0.264
48115,2005,0.239,0.43700000000000006,0.17600000000000002
48117,1891,0.21899999999999997,0.513,0.155
48119,1220,0.359,0.441,0.106
48121,93538,0.254,0.41100000000000003,0.21899999999999997
48123,3449,0.312,0.49200000000000005,0.102
48125,540,0.28300000000000003,0.457,0.092
48127,100,0.3,0.55,0.11
48129,785,0.308,0.445,0.091
48131,124,0.373,0.452,0.095
48133,3794,0.271,0.575,0.08800000000000001
48135,15083,0.281,0.457,0.14400000000000002
48137,541,0.37,0.397,0.141
48139,25096,0.26899999999999996,0.488,0.14800000000000002
48141,27892,0.253,0.38,0.257
48143,6752,0.289,0.46799999999999997,0.131
48145,2389,0.355,0.456,0.076
48147,5580,0.317,0.489,0.096
48149,6088,0.327,0.456,0.133
48151,552,0.24600000000000002,0.5379999999999999,0.107
48153,1270,0.17600000000000002,0.527,0.141
48155,30,0.355,0.581,0
48157,67097,0.247,0.45799999999999996,0.195
48159,2413,0.278,0.45799999999999996,0.14
48161,4561,0.319,0.457,0.09
48163,364,0.303,0.535,0.084
48165,2361,0.25,0.522,0.115
48169,973,0.21899999999999997,0.562,0.087
48171,7823,0.266,0.42,0.185
48173,392,0.20600000000000002,0.502,0.16399999999999998
48175,1505,0.32899999999999996,0.48200000000000004,0.114
48177,3209,0.293,0.505,0.106
48179,4305,0.294,0.488,0.08199999999999999
48181,19418,0.294,0.414,0.135
48183,17472,0.257,0.457,0.152
48185,4283,0.317,0.498,0.098
48187,20190,0.28300000000000003,0.44799999999999995,0.172
48189,4239,0.209,0.5,0.159
48191,492,0.301,0.52,0.064
48193,2104,0.321,0.489,0.092
48195,1248,0.244,0.524,0.11599999999999999
48197,637,0.327,0.425,0.1
48199,12042,0.322,0.51,0.084
48201,317328,0.245,0.45299999999999996,0.19399999999999998
48203,10029,0.299,0.48100000000000004,0.115
48205,1066,0.226,0.529,0.134
48207,797,0.259,0.506,0.10099999999999999
48209,19490,0.24600000000000002,0.408,0.214
48211,1178,0.27899999999999997,0.42100000000000004,0.146
48213,14581,0.306,0.462,0.11800000000000001
48215,17949,0.29600000000000004,0.381,0.223
48217,8442,0.325,0.449,0.10400000000000001
48219,3959,0.247,0.504,0.128
48221,13734,0.317,0.419,0.147
48223,6668,0.298,0.462,0.122
48225,4256,0.337,0.489,0.087
48227,3657,0.285,0.48,0.126
48229,184,0.39,0.364,0.133
48231,14058,0.29100000000000004,0.501,0.114
48233,4698,0.27699999999999997,0.474,0.098
48235,409,0.22,0.552,0.14
48237,1841,0.33799999999999997,0.495,0.092
48239,2663,0.289,0.519,0.114
48241,5824,0.34600000000000003,0.508,0.07200000000000001
48243,496,0.278,0.444,0.14300000000000002
48245,18627,0.314,0.48100000000000004,0.12300000000000001
48247,42,0.35700000000000004,0.47600000000000003,0.14300000000000002
48249,2034,0.349,0.41100000000000003,0.14
48251,24435,0.28800000000000003,0.478,0.12300000000000001
48253,3172,0.285,0.485,0.09300000000000001
48255,1186,0.287,0.534,0.111
48257,16859,0.314,0.457,0.12300000000000001
48259,9614,0.247,0.431,0.18100000000000002
48261,18,0.105,0.42100000000000004,0.263
48263,226,0.32299999999999995,0.518,0.071
48265,11907,0.28800000000000003,0.392,0.187
48267,1100,0.358,0.408,0.139
48269,109,0.33899999999999997,0.374,0.043
48271,495,0.371,0.396,0.141
48273,2169,0.272,0.445,0.183
48275,686,0.278,0.48700000000000004,0.11
48277,9522,0.326,0.406,0.131
48279,2385,0.242,0.44299999999999995,0.146
48281,3733,0.32299999999999995,0.442,0.12
48283,297,0.382,0.419,0.156
48287,3159,0.35,0.447,0.10400000000000001
48289,3667,0.32799999999999996,0.501,0.07200000000000001
48291,11315,0.349,0.49,0.068
48293,3542,0.34700000000000003,0.447,0.095
48295,985,0.27699999999999997,0.498,0.094
48297,2084,0.316,0.503,0.10099999999999999
48299,5667,0.33799999999999997,0.366,0.17600000000000002
48301,29,0.233,0.467,0.233
48303,40476,0.223,0.451,0.179
48305,1274,0.213,0.491,0.132
48313,2046,0.316,0.493,0.091
48315,1671,0.406,0.418,0.086
48317,919,0.218,0.551,0.141
48319,1245,0.249,0.527,0.11800000000000001
48321,4300,0.33799999999999997,0.485,0.11800000000000001
48323,423,0.326,0.39,0.2
48307,1967,0.318,0.436,0.124
48309,29943,0.247,0.46,0.152
48311,390,0.385,0.42200000000000004,0.10800000000000001
48325,7332,0.28800000000000003,0.475,0.131
48327,552,0.35200000000000004,0.377,0.11699999999999999
48329,20347,0.209,0.479,0.157
48331,3957,0.33,0.45399999999999996,0.10099999999999999
48333,1335,0.315,0.449,0.098
48335,1179,0.281,0.51,0.10099999999999999
48337,4536,0.32799999999999996,0.441,0.094
48339,88248,0.266,0.483,0.14800000000000002
48341,2322,0.23600000000000002,0.51,0.106
48343,1511,0.33,0.451,0.11800000000000001
48345,435,0.301,0.525,0.092
48347,9644,0.231,0.523,0.13
48349,7354,0.302,0.423,0.127
48351,1750,0.387,0.483,0.06
48353,2862,0.27,0.444,0.135
48355,27155,0.302,0.39399999999999996,0.18100000000000002
48357,1737,0.239,0.517,0.133
48359,557,0.20600000000000002,0.5489999999999999,0.102
48361,14792,0.33399999999999996,0.486,0.091
48363,5861,0.313,0.455,0.109
48365,5180,0.31,0.517,0.08199999999999999
48367,26185,0.297,0.48100000000000004,0.131
48369,1204,0.17800000000000002,0.595,0.11800000000000001
48371,1211,0.3,0.46,0.134
48373,7422,0.35700000000000004,0.424,0.109
48375,10716,0.243,0.47600000000000003,0.132
48377,97,0.33,0.392,0.18600000000000003
48379,2182,0.327,0.49700000000000005,0.11
48381,24060,0.21899999999999997,0.512,0.15
48383,709,0.237,0.444,0.132
48385,1328,0.33799999999999997,0.39299999999999996,0.128
48387,2339,0.387,0.434,0.086
48389,122,0.28800000000000003,0.408,0.128
48391,929,0.34,0.452,0.11699999999999999
48393,368,0.295,0.503,0.085
48395,2569,0.284,0.534,0.087
48397,16636,0.276,0.418,0.187
48399,2299,0.301,0.47200000000000003,0.10099999999999999
48401,8983,0.264,0.505,0.08900000000000001
48403,2742,0.426,0.402,0.08
48405,1944,0.396,0.451,0.068
48407,4545,0.33299999999999996,0.49,0.079
48409,6808,0.319,0.433,0.146
48411,1381,0.299,0.49200000000000005,0.09699999999999999
48413,499,0.233,0.518,0.125
48415,2661,0.275,0.44799999999999995,0.13699999999999998
48417,1098,0.314,0.484,0.084
48419,4600,0.321,0.514,0.075
48421,496,0.243,0.56,0.114
48423,38950,0.20600000000000002,0.547,0.14300000000000002
48425,2367,0.281,0.484,0.126
48427,123,0.228,0.48,0.205
48429,2459,0.363,0.41,0.08800000000000001
48431,378,0.284,0.414,0.162
48433,269,0.316,0.513,0.098
48435,874,0.256,0.38799999999999996,0.163
48437,875,0.253,0.486,0.107
48439,208242,0.262,0.41600000000000004,0.204
48441,21287,0.22899999999999998,0.457,0.171
48443,112,0.419,0.359,0.111
48445,1742,0.258,0.484,0.133
48447,413,0.307,0.44799999999999995,0.121
48449,4143,0.313,0.442,0.12300000000000001
48451,16090,0.251,0.433,0.172
48453,81913,0.253,0.304,0.293
48455,3340,0.396,0.408,0.092
48457,4150,0.359,0.475,0.081
48459,8087,0.287,0.516,0.086
48461,620,0.262,0.444,0.165
48463,2178,0.301,0.46,0.136
48465,2466,0.312,0.359,0.213
48467,11459,0.299,0.507,0.10300000000000001
48469,11751,0.28,0.47,0.145
48471,8248,0.28800000000000003,0.455,0.14
48473,5893,0.278,0.563,0.09
48475,1396,0.265,0.514,0.115
48477,6565,0.23199999999999998,0.524,0.14
48479,3914,0.349,0.282,0.284
48481,6375,0.289,0.47700000000000004,0.121
48483,1593,0.318,0.47200000000000003,0.085
48485,15272,0.266,0.445,0.16899999999999998
48487,2233,0.307,0.389,0.14
48489,324,0.359,0.36200000000000004,0.19899999999999998
48491,62483,0.257,0.355,0.21899999999999997
48493,8127,0.285,0.511,0.12
48495,1126,0.327,0.385,0.136
48497,10830,0.314,0.49700000000000005,0.10300000000000001
48499,10579,0.31,0.48200000000000004,0.115
48501,1455,0.257,0.439,0.14300000000000002
48503,4045,0.298,0.46299999999999997,0.12300000000000001
48505,81,0.395,0.37200000000000005,0.128
48507,0,0,0,0
49001,363,0.24,0.631,undefined
49003,4472,0.11599999999999999,0.741,undefined
49005,10113,0.10400000000000001,0.7090000000000001,undefined
49007,978,0.3,0.608,undefined
49009,94,0.35100000000000003,0.38299999999999995,undefined
49011,25644,0.113,0.684,undefined
49013,1756,0.185,0.764,undefined
49015,704,0.22899999999999998,0.6459999999999999,undefined
49017,376,0.237,0.657,undefined
49019,337,0.377,0.534,undefined
49021,3492,0.20600000000000002,0.655,undefined
49023,843,0.14,0.767,undefined
49025,572,0.24,0.649,undefined
49027,1083,0.184,0.7120000000000001,undefined
49029,1148,0.152,0.731,undefined
49031,168,0.41700000000000004,0.512,undefined
49033,252,0.12300000000000001,0.7859999999999999,undefined
49035,46723,0.14,0.667,undefined
49037,567,0.14800000000000002,0.718,undefined
49039,1859,0.187,0.69,undefined
49041,1573,0.23800000000000002,0.642,undefined
49043,1542,0.298,0.436,undefined
49045,3409,0.152,0.708,undefined
49047,2903,0.198,0.7390000000000001,undefined
49049,40586,0.091,0.755,undefined
49051,2376,0.162,0.644,undefined
49053,12525,0.247,0.623,undefined
49055,228,0.20199999999999999,0.675,undefined
49057,10518,0.161,0.6709999999999999,undefined
50001,223,0.28800000000000003,0.14400000000000002,0.245
50003,958,0.439,0.11599999999999999,0.198
50007,225,0.28600000000000003,0.08800000000000001,0.159
50009,2047,0.23399999999999999,0.129,0.22699999999999998
50011,139,0.386,0.124,0.131
50013,284,0.381,0.085,0.15
50017,122,0.363,0.111,0.17
50021,1836,0.35700000000000004,0.071,0.177
50023,123,0.405,0.159,0.135
50025,25,0.48,0,0.16
50027,273,0.361,0.111,0.215
51003,14690,0.24600000000000002,0.171,0.371
51005,1564,0.469,0.154,0.24
51007,2179,0.48100000000000004,0.214,0.20800000000000002
51009,4433,0.397,0.26899999999999996,0.196
51011,2383,0.428,0.259,0.18100000000000002
51013,21728,0.168,0.079,0.49700000000000005
51015,13569,0.373,0.23,0.248
51017,589,0.495,0.1,0.24600000000000002
51019,15128,0.35,0.29600000000000004,0.212
51021,1055,0.55,0.16,0.172
51023,6086,0.35600000000000004,0.264,0.247
51025,1123,0.494,0.11699999999999999,0.249
51027,2267,0.6970000000000001,0.11699999999999999,0.138
51029,1631,0.5,0.17600000000000002,0.204
51031,8884,0.38,0.276,0.201
51033,3194,0.447,0.179,0.23
51035,4467,0.535,0.18100000000000002,0.162
51036,661,0.37799999999999995,0.28,0.217
51037,1471,0.534,0.145,0.201
51041,53331,0.336,0.185,0.349
51043,2495,0.331,0.214,0.295
51045,846,0.47100000000000003,0.284,0.16
51047,6878,0.376,0.23199999999999998,0.245
51049,1378,0.466,0.195,0.23
51051,1493,0.605,0.145,0.155
51053,2775,0.52,0.16399999999999998,0.205
51057,1151,0.382,0.122,0.35
51059,128853,0.251,0.129,0.4
51061,13368,0.361,0.195,0.275
51063,2406,0.42,0.256,0.198
51065,3600,0.35200000000000004,0.215,0.284
51067,8122,0.446,0.233,0.188
51069,12744,0.36700000000000005,0.23,0.259
51071,2194,0.46799999999999997,0.168,0.233
51073,6519,0.441,0.131,0.281
51075,5373,0.336,0.182,0.35100000000000003
51077,1835,0.518,0.182,0.17800000000000002
51079,2932,0.35600000000000004,0.237,0.252
51081,689,0.534,0.131,0.23
51083,3938,0.545,0.17600000000000002,0.162
51650,9386,0.40700000000000003,0.131,0.307
51085,24556,0.34700000000000003,0.218,0.309
51087,44166,0.289,0.19899999999999998,0.369
51089,5754,0.504,0.195,0.188
51091,389,0.418,0.222,0.23
51093,5940,0.41600000000000004,0.14,0.308
51095,15186,0.27699999999999997,0.129,0.376
51097,827,0.49200000000000005,0.16399999999999998,0.22399999999999998
51099,3866,0.36700000000000005,0.195,0.264
51101,2671,0.418,0.239,0.239
51103,2069,0.418,0.084,0.311
51105,2019,0.534,0.19399999999999998,0.168
51107,51081,0.27899999999999997,0.149,0.40399999999999997
51109,5101,0.406,0.22,0.253
51111,1317,0.485,0.135,0.221
51113,2157,0.41600000000000004,0.212,0.193
51115,1754,0.43,0.152,0.27
51117,2995,0.5,0.142,0.222
51119,1894,0.49200000000000005,0.096,0.266
51121,9746,0.32299999999999995,0.168,0.32
51125,1668,0.41100000000000003,0.231,0.228
51127,4060,0.39799999999999996,0.19899999999999998,0.262
51700,13866,0.369,0.135,0.335
51710,12196,0.365,0.11800000000000001,0.342
51131,1367,0.45399999999999996,0.11699999999999999,0.265
51133,2392,0.44,0.10099999999999999,0.28600000000000003
51135,1599,0.483,0.16399999999999998,0.217
51137,5293,0.414,0.18,0.24100000000000002
51139,2674,0.51,0.158,0.204
51141,2500,0.46799999999999997,0.23,0.16399999999999998
51143,8349,0.486,0.193,0.17
51145,6534,0.381,0.22,0.285
51147,2038,0.414,0.158,0.3
51149,3989,0.483,0.19399999999999998,0.23199999999999998
51153,45735,0.331,0.171,0.335
51155,4147,0.507,0.152,0.21
51157,1338,0.406,0.192,0.225
51159,820,0.369,0.124,0.358
51161,16177,0.34600000000000003,0.225,0.28600000000000003
51163,3209,0.355,0.162,0.28800000000000003
51165,13184,0.363,0.218,0.263
51167,3078,0.556,0.18,0.17
51169,2918,0.503,0.20199999999999999,0.18100000000000002
51171,6155,0.384,0.19699999999999998,0.248
51173,3312,0.52,0.165,0.21
51175,2160,0.47,0.142,0.268
51177,18128,0.375,0.196,0.271
51179,20153,0.36,0.172,0.309
51800,9367,0.395,0.145,0.312
51181,789,0.45399999999999996,0.20600000000000002,0.226
51183,881,0.493,0.162,0.22699999999999998
51185,5850,0.579,0.16399999999999998,0.151
51810,55150,0.397,0.12,0.324
51187,5117,0.395,0.257,0.228
51191,7594,0.434,0.245,0.201
51193,2034,0.488,0.132,0.21600000000000003
51195,3652,0.5670000000000001,0.141,0.17300000000000001
51197,3461,0.537,0.153,0.185
51199,11841,0.332,0.142,0.354
33001,15287,0.3601098972983581,0.1319421730882449,0.098384248053902
33003,12108,0.34539147670961345,0.11273538156590684,0.11835150313842088
33005,13170,0.3449506454062263,0.1416097190584662,0.09392558845861806
33007,5701,0.38291527802139974,0.10524469391334854,0.10787581126118224
33009,16097,0.3042803006771448,0.1066037149779462,0.11946325402248867
33011,81931,0.3537244754732641,0.11701309638598333,0.10744406878959124
33013,32427,0.33817497764208837,0.11644617140037623,0.09424245227742313
33015,72937,0.3937096398261513,0.10954659500664958,0.11069827385277706
33017,21387,0.3437602281759948,0.15532800299247207,0.11651938093234207
33019,8085,0.38095238095238093,0.11762523191094619,0.11069882498453927
